"","multiParam[1]","multiParam[2]"
"multiParam[1]",1.84534305797247e-06,0.000132110483257401
"multiParam[2]",0.000132110483257401,6.74278032160919
